{
    "gps_x": -0.32362911215135776,
    "gps_y": -108.72808089770609,
    "x": -108.72808074951172,
    "y": 0.323614239692688,
    "theta": 1.57593834400177,
    "speed": 1.7605059443370726e-05,
    "target_speed": 6.5,
    "x_command": -0.38035412155114334,
    "y_command": -97.69824995005546,
    "command": 4,
    "gt_command": 4,
    "steer": 0.006,
    "throttle": 0.75,
    "brake": false,
    "weather": {
        "cloudiness": 15.0,
        "precipitation": 0.0,
        "precipitation_deposits": 0.0,
        "wind_intensity": 0.3499999940395355,
        "sun_azimuth_angle": 0.0,
        "sun_altitude_angle": 75.0,
        "fog_density": 0.0,
        "fog_distance": 0.0,
        "wetness": 0.0,
        "fog_falloff": 0.0
    },
    "weather_id": 0,
    "near_node_x": -0.36926114559173584,
    "near_node_y": -104.72827911376953,
    "far_node_x": -0.38035412155114334,
    "far_node_y": -97.69824995005546,
    "is_junction": false,
    "is_vehicle_present": [],
    "is_bike_present": [],
    "is_lane_vehicle_present": [],
    "is_junction_vehicle_present": [],
    "is_pedestrian_present": [],
    "is_red_light_present": [],
    "is_stop_sign_present": [],
    "should_slow": 0,
    "should_brake": 0,
    "future_waypoints": [
        [
            -0.2841179072856903,
            -105.72785186767578,
            4
        ],
        [
            -0.36926114559173584,
            -104.72827911376953,
            4
        ],
        [
            -0.22820013761520386,
            -103.72753143310547,
            4
        ],
        [
            -0.41137856245040894,
            -102.72846221923828,
            4
        ],
        [
            -0.2529280185699463,
            -101.7276382446289,
            4
        ],
        [
            -0.2749297022819519,
            -100.72773742675781,
            4
        ],
        [
            -0.3187415301799774,
            -99.72795867919922,
            4
        ],
        [
            -0.3970174491405487,
            -98.72834014892578,
            4
        ],
        [
            -0.5364410877227783,
            -97.69905090332031,
            4
        ],
        [
            -0.38035412155114334,
            -97.69824995005546,
            2
        ],
        [
            -0.3854962125769461,
            -96.69826520748155,
            2
        ],
        [
            -0.39070422786695175,
            -95.71918500595177,
            2
        ],
        [
            -0.4697311005504044,
            -95.14413465116408,
            2
        ],
        [
            -0.6826231661879631,
            -94.60413373490073,
            2
        ],
        [
            -1.0172825051862096,
            -94.12985242321913,
            2
        ],
        [
            -1.4546919788582744,
            -93.74825299642949,
            2
        ],
        [
            -1.969995548254517,
            -93.48101056442461,
            2
        ],
        [
            -2.533910131719806,
            -93.34333051052603,
            2
        ],
        [
            -3.2247446917470612,
            -93.34438336697276,
            2
        ],
        [
            -4.22322273364679,
            -93.40035260533031,
            2
        ],
        [
            -5.221701254897916,
            -93.45632947308239,
            2
        ],
        [
            -6.137922540164812,
            -93.51844800344048,
            2
        ],
        [
            -6.978267439969754,
            -93.64168561347174,
            2
        ],
        [
            -7.804927436416353,
            -93.83662427340542,
            2
        ],
        [
            -8.611797306035461,
            -94.10180676888403,
            2
        ],
        [
            -9.392916307880572,
            -94.4352876042995,
            2
        ],
        [
            -10.142517789278308,
            -94.8346101146094,
            2
        ],
        [
            -10.855062549002035,
            -95.29681409473156,
            2
        ],
        [
            -11.525288928701812,
            -95.81848920530588,
            2
        ],
        [
            -12.162106560015983,
            -96.40869153765327,
            2
        ],
        [
            -12.87322265166117,
            -97.11180127982254,
            2
        ],
        [
            -13.584338743306358,
            -97.8149110219918,
            2
        ],
        [
            -14.295454834951544,
            -98.51802076416107,
            2
        ],
        [
            -15.006571878971453,
            -99.2211228769358,
            2
        ],
        [
            -15.717687015077884,
            -99.92423261910506,
            2
        ],
        [
            -16.42880406067981,
            -100.62734236127432,
            2
        ],
        [
            -17.139921106281736,
            -101.33044447404903,
            2
        ],
        [
            -17.851036242388165,
            -102.03355421621829,
            2
        ],
        [
            -18.562153287990093,
            -102.73666395838755,
            2
        ],
        [
            -19.273268424096525,
            -103.43977370055683,
            2
        ],
        [
            -19.98438546969845,
            -104.14287581333154,
            2
        ],
        [
            -21.03410106599191,
            -105.18076338798836,
            2
        ],
        [
            -20.958513259887695,
            -105.25720977783203,
            4
        ]
    ],
    "affected_light_id": 1457,
    "safe_waypoints": [
        [
            -0.3236302448761104,
            -108.72810378588972
        ],
        [
            -0.3236297085720725,
            -108.72810378588972
        ],
        [
            -0.3236296484553957,
            -108.72810378588972
        ],
        [
            -0.3230754185736448,
            -108.40326705448994
        ],
        [
            -0.3180990059451184,
            -106.54978957393635
        ],
        [
            -0.3209892195963477,
            -104.20401015179378
        ],
        [
            -0.32384119429506686,
            -103.11206068741484
        ],
        [
            -0.3238605376268422,
            -103.1109162782336
        ],
        [
            -0.32386184911960747,
            -103.11077131973731
        ],
        [
            -0.3238619709349789,
            -103.11075606094822
        ]
    ]
}